Workbook

Sheet Raw Data
A1: Customer_ID | B1: Customer_Name | C1: Region | D1: Product_Category | E1: Sales | F1: Quantity | G1: Discount | H1: Order_Date | I1: Profit | J1: Month | K1: Timestamp | M1: What-If Analysis
A2: CUST001 | B2: Linda Wilson | C2: West | D2: Electronics | E2: 1317.53 | F2: 12 | G2: 0.05 | H2: 45398 | I2: 312.91 | J2: =TEXT(H2,"mmm-yyyy") -> Apr-2024 | K2: =NOW() -> 46295.551 | M2: Sales Increase % | N2: 0.1
A3: CUST001 | B3: Lisa Thomas | C3: West | D3: Books | E3: 636.7 | F3: 4 | G3: 0.2 | H3: 45411 | I3: 203.74 | J3: =TEXT(H3,"mmm-yyyy") -> Apr-2024 | K3: =NOW() -> 46295.551 | M3: Original Sales | N3: =SUM(E2:E201) -> 195217.76
A4: CUST001 | B4: Mary Jackson | C4: West | D4: Furniture | E4: 853.72 | F4: 5 | G4: 0.15 | H4: 45428 | I4: 253.98 | J4: =TEXT(H4,"mmm-yyyy") -> May-2024 | K4: =NOW() -> 46295.551 | M4: Sales After Increase | N4: =N3*(1+N2) -> 214739.54
A5: CUST001 | B5: Lisa Thomas | C5: North | D5: Furniture | E5: 1077.92 | F5: 3 | G5: 0.05 | H5: 45608 | I5: 358.41 | J5: =TEXT(H5,"mmm-yyyy") -> Nov-2024 | K5: =NOW() -> 46295.551
A6: CUST001 | B6: Sarah Anderson | C6: West | D6: Electronics | E6: 894.55 | F6: 19 | G6: 0.2 | H6: 45625 | I6: 178.91 | J6: =TEXT(H6,"mmm-yyyy") -> Nov-2024 | K6: =NOW() -> 46295.551
A7: CUST001 | B7: Michael Anderson | C7: Central | D7: Furniture | E7: 1432.47 | F7: 16 | G7: 0.15 | H7: 45640 | I7: 426.16 | J7: =TEXT(H7,"mmm-yyyy") -> Dec-2024 | K7: =NOW() -> 46295.551 | M7: KEY INSIGHTS
A8: CUST001 | B8: David Anderson | C8: North | D8: Clothing | E8: 336.66 | F8: 13 | G8: 0.2 | H8: 45651 | I8: 134.66 | J8: =TEXT(H8,"mmm-yyyy") -> Dec-2024 | K8: =NOW() -> 46295.551 | M8: • Total Sales reached ₹195,217.76 with Total Profit of ₹68,287.01.
A9: CUST002 | B9: Lisa Davis | C9: West | D9: Books | E9: 942.9 | F9: 18 | G9: 0.1 | H9: 45466 | I9: 339.44 | J9: =TEXT(H9,"mmm-yyyy") -> Jun-2024 | K9: =NOW() -> 46295.551 | M9: • West and Central regions contribute the highest sales among the regions.
A10: CUST002 | B10: Mary Davis | C10: South | D10: Books | E10: 876.44 | F10: 12 | G10: 0.05 | H10: 45488 | I10: 333.05 | J10: =TEXT(H10,"mmm-yyyy") -> Jul-2024 | K10: =NOW() -> 46295.551 | M10: • Books is the highest-selling product category, followed by Clothing and Furniture.
A11: CUST002 | B11: Linda Brown | C11: East | D11: Electronics | E11: 1410.59 | F11: 15 | G11: 0 | H11: 45615 | I11: 352.65 | J11: =TEXT(H11,"mmm-yyyy") -> Nov-2024 | K11: =NOW() -> 46295.551 | M11: • Average discount is 9.7%, while monthly sales show noticeable fluctuations across the period.
A12: CUST002 | B12: Emma Wilson | C12: South | D12: Furniture | E12: 806.03 | F12: 19 | G12: 0.05 | H12: 45638 | I12: 268 | J12: =TEXT(H12,"mmm-yyyy") -> Dec-2024 | K12: =NOW() -> 46295.551
A13: CUST002 | B13: Lisa Davis | C13: West | D13: Office Supplies | E13: 827.25 | F13: 7 | G13: 0.1 | H13: 45693 | I13: 335.04 | J13: =TEXT(H13,"mmm-yyyy") -> Feb-2025 | K13: =NOW() -> 46295.551
A14: CUST002 | B14: Mary Jackson | C14: Central | D14: Office Supplies | E14: 1618.22 | F14: 12 | G14: 0.2 | H14: 45712 | I14: 582.56 | J14: =TEXT(H14,"mmm-yyyy") -> Feb-2025 | K14: =NOW() -> 46295.551
A15: CUST003 | B15: Emma Davis | C15: North | D15: Books | E15: 1248.82 | F15: 2 | G15: 0.1 | H15: 45473 | I15: 449.58 | J15: =TEXT(H15,"mmm-yyyy") -> Jun-2024 | K15: =NOW() -> 46295.551
A16: CUST003 | B16: James Davis | C16: West | D16: Electronics | E16: 1005.53 | F16: 17 | G16: 0.2 | H16: 45481 | I16: 201.11 | J16: =TEXT(H16,"mmm-yyyy") -> Jul-2024 | K16: =NOW() -> 46295.551
A17: CUST003 | B17: James Wilson | C17: North | D17: Furniture | E17: 1034.7 | F17: 15 | G17: 0.15 | H17: 45487 | I17: 307.82 | J17: =TEXT(H17,"mmm-yyyy") -> Jul-2024 | K17: =NOW() -> 46295.551
A18: CUST003 | B18: James Davis | C18: South | D18: Electronics | E18: 1335.87 | F18: 17 | G18: 0 | H18: 45544 | I18: 333.97 | J18: =TEXT(H18,"mmm-yyyy") -> Sep-2024 | K18: =NOW() -> 46295.551
A19: CUST003 | B19: James Wilson | C19: West | D19: Electronics | E19: 1158.94 | F19: 19 | G19: 0.2 | H19: 45553 | I19: 231.79 | J19: =TEXT(H19,"mmm-yyyy") -> Sep-2024 | K19: =NOW() -> 46295.551
A20: CUST003 | B20: James Wilson | C20: Central | D20: Clothing | E20: 902.19 | F20: 12 | G20: 0 | H20: 45564 | I20: 451.1 | J20: =TEXT(H20,"mmm-yyyy") -> Sep-2024 | K20: =NOW() -> 46295.551
A21: CUST003 | B21: Linda Moore | C21: North | D21: Clothing | E21: 661.09 | F21: 1 | G21: 0.2 | H21: 45593 | I21: 264.44 | J21: =TEXT(H21,"mmm-yyyy") -> Oct-2024 | K21: =NOW() -> 46295.551
A22: CUST003 | B22: Sarah Anderson | C22: South | D22: Books | E22: 704.28 | F22: 15 | G22: 0.2 | H22: 45712 | I22: 225.37 | J22: =TEXT(H22,"mmm-yyyy") -> Feb-2025 | K22: =NOW() -> 46295.551
A23: CUST003 | B23: Emma Davis | C23: East | D23: Office Supplies | E23: 438.76 | F23: 18 | G23: 0.05 | H23: 45726 | I23: 187.57 | J23: =TEXT(H23,"mmm-yyyy") -> Mar-2025 | K23: =NOW() -> 46295.551
... A201: CUST030 | B201: Linda Taylor | C201: North | D201: Books | E201: 750.71 | F201: 10 | G201: 0.15 | H201: 45743 | I201: 255.24 | J201: =TEXT(H201,"mmm-yyyy") -> Mar-2025 | K201: =NOW() -> 46295.551

Sheet Customer Analysis
A1: Customer_ID | B1: Customer_Name | C1: Total Sales | E1: Customer_ID | F1: Top 10 Customers Name | G1: Total Sales | J1: Region | K1: Total Sales | M1: Product Category | N1: Total Sales
A2: {=_xlfn._xlws.SORT(_xlfn.UNIQUE(SalesData[Customer_ID]))} -> CUST001 | B2: =_xlfn.XLOOKUP(A2,SalesData[Customer_ID],SalesData[Customer_Name]) -> Linda Wilson | C2: =SUMIF(SalesData[Customer_ID],A2,SalesData[Sales]) -> 6549.55 | E2: =INDEX($A$2:$A$31,MATCH(G2,$C$2:$C$31,0)) -> CUST015 | F2: =_xlfn.XLOOKUP(E2,$A$2:$A$31,$B$2:$B$31) -> Linda Taylor | G2: =LARGE($C$2:$C$31,ROWS($G$2:G2)) -> 11611.06 | J2: North | K2: =SUMIF('Raw Data'!$C$2:$C$201,J2,'Raw Data'!$E$2:$E$201) -> 34975.42 | M2: Electronics | N2: =SUMIF('Raw Data'!$D$2:$D$201,M2,'Raw Data'!$E$2:$E$201) -> 41044
A3: CUST002 | B3: =_xlfn.XLOOKUP(A3,SalesData[Customer_ID],SalesData[Customer_Name]) -> Lisa Davis | C3: =SUMIF(SalesData[Customer_ID],A3,SalesData[Sales]) -> 6481.43 | E3: =INDEX($A$2:$A$31,MATCH(G3,$C$2:$C$31,0)) -> CUST028 | F3: =_xlfn.XLOOKUP(E3,$A$2:$A$31,$B$2:$B$31) -> Linda Taylor | G3: =LARGE($C$2:$C$31,ROWS($G$2:G3)) -> 10293.87 | J3: South | K3: =SUMIF('Raw Data'!$C$2:$C$201,J3,'Raw Data'!$E$2:$E$201) -> 40248.79 | M3: Books | N3: =SUMIF('Raw Data'!$D$2:$D$201,M3,'Raw Data'!$E$2:$E$201) -> 47002.46
A4: CUST003 | B4: =_xlfn.XLOOKUP(A4,SalesData[Customer_ID],SalesData[Customer_Name]) -> Emma Davis | C4: =SUMIF(SalesData[Customer_ID],A4,SalesData[Sales]) -> 8490.18 | E4: =INDEX($A$2:$A$31,MATCH(G4,$C$2:$C$31,0)) -> CUST007 | F4: =_xlfn.XLOOKUP(E4,$A$2:$A$31,$B$2:$B$31) -> Michael Anderson | G4: =LARGE($C$2:$C$31,ROWS($G$2:G4)) -> 9941.88 | J4: East | K4: =SUMIF('Raw Data'!$C$2:$C$201,J4,'Raw Data'!$E$2:$E$201) -> 32441.64 | M4: Furniture | N4: =SUMIF('Raw Data'!$D$2:$D$201,M4,'Raw Data'!$E$2:$E$201) -> 36612.89
A5: CUST004 | B5: =_xlfn.XLOOKUP(A5,SalesData[Customer_ID],SalesData[Customer_Name]) -> Lisa Thomas | C5: =SUMIF(SalesData[Customer_ID],A5,SalesData[Sales]) -> 7813.59 | E5: =INDEX($A$2:$A$31,MATCH(G5,$C$2:$C$31,0)) -> CUST008 | F5: =_xlfn.XLOOKUP(E5,$A$2:$A$31,$B$2:$B$31) -> Robert Anderson | G5: =LARGE($C$2:$C$31,ROWS($G$2:G5)) -> 9760.8 | J5: West | K5: =SUMIF('Raw Data'!$C$2:$C$201,J5,'Raw Data'!$E$2:$E$201) -> 44083.58 | M5: Office Supplies | N5: =SUMIF('Raw Data'!$D$2:$D$201,M5,'Raw Data'!$E$2:$E$201) -> 28630.82
A6: CUST005 | B6: =_xlfn.XLOOKUP(A6,SalesData[Customer_ID],SalesData[Customer_Name]) -> Robert Anderson | C6: =SUMIF(SalesData[Customer_ID],A6,SalesData[Sales]) -> 6666.13 | E6: =INDEX($A$2:$A$31,MATCH(G6,$C$2:$C$31,0)) -> CUST026 | F6: =_xlfn.XLOOKUP(E6,$A$2:$A$31,$B$2:$B$31) -> Mary Davis | G6: =LARGE($C$2:$C$31,ROWS($G$2:G6)) -> 9371.81 | J6: Central | K6: =SUMIF('Raw Data'!$C$2:$C$201,J6,'Raw Data'!$E$2:$E$201) -> 43468.33 | M6: Clothing | N6: =SUMIF('Raw Data'!$D$2:$D$201,M6,'Raw Data'!$E$2:$E$201) -> 41927.59
A7: CUST006 | B7: =_xlfn.XLOOKUP(A7,SalesData[Customer_ID],SalesData[Customer_Name]) -> Mary Jackson | C7: =SUMIF(SalesData[Customer_ID],A7,SalesData[Sales]) -> 2699.75 | E7: =INDEX($A$2:$A$31,MATCH(G7,$C$2:$C$31,0)) -> CUST021 | F7: =_xlfn.XLOOKUP(E7,$A$2:$A$31,$B$2:$B$31) -> Sarah Anderson | G7: =LARGE($C$2:$C$31,ROWS($G$2:G7)) -> 8740.18
A8: CUST007 | B8: =_xlfn.XLOOKUP(A8,SalesData[Customer_ID],SalesData[Customer_Name]) -> Michael Anderson | C8: =SUMIF(SalesData[Customer_ID],A8,SalesData[Sales]) -> 9941.88 | E8: =INDEX($A$2:$A$31,MATCH(G8,$C$2:$C$31,0)) -> CUST003 | F8: =_xlfn.XLOOKUP(E8,$A$2:$A$31,$B$2:$B$31) -> Emma Davis | G8: =LARGE($C$2:$C$31,ROWS($G$2:G8)) -> 8490.18
A9: CUST008 | B9: =_xlfn.XLOOKUP(A9,SalesData[Customer_ID],SalesData[Customer_Name]) -> Robert Anderson | C9: =SUMIF(SalesData[Customer_ID],A9,SalesData[Sales]) -> 9760.8 | E9: =INDEX($A$2:$A$31,MATCH(G9,$C$2:$C$31,0)) -> CUST012 | F9: =_xlfn.XLOOKUP(E9,$A$2:$A$31,$B$2:$B$31) -> Robert Anderson | G9: =LARGE($C$2:$C$31,ROWS($G$2:G9)) -> 8339
A10: CUST009 | B10: =_xlfn.XLOOKUP(A10,SalesData[Customer_ID],SalesData[Customer_Name]) -> Linda Jackson | C10: =SUMIF(SalesData[Customer_ID],A10,SalesData[Sales]) -> 6505.2 | E10: =INDEX($A$2:$A$31,MATCH(G10,$C$2:$C$31,0)) -> CUST030 | F10: =_xlfn.XLOOKUP(E10,$A$2:$A$31,$B$2:$B$31) -> James Wilson | G10: =LARGE($C$2:$C$31,ROWS($G$2:G10)) -> 7928.71
A11: CUST010 | B11: =_xlfn.XLOOKUP(A11,SalesData[Customer_ID],SalesData[Customer_Name]) -> David Thomas | C11: =SUMIF(SalesData[Customer_ID],A11,SalesData[Sales]) -> 4259.22 | E11: =INDEX($A$2:$A$31,MATCH(G11,$C$2:$C$31,0)) -> CUST004 | F11: =_xlfn.XLOOKUP(E11,$A$2:$A$31,$B$2:$B$31) -> Lisa Thomas | G11: =LARGE($C$2:$C$31,ROWS($G$2:G11)) -> 7813.59
A12: CUST011 | B12: =_xlfn.XLOOKUP(A12,SalesData[Customer_ID],SalesData[Customer_Name]) -> Mary Davis | C12: =SUMIF(SalesData[Customer_ID],A12,SalesData[Sales]) -> 3762.29
A13: CUST012 | B13: =_xlfn.XLOOKUP(A13,SalesData[Customer_ID],SalesData[Customer_Name]) -> Robert Anderson | C13: =SUMIF(SalesData[Customer_ID],A13,SalesData[Sales]) -> 8339
A14: CUST013 | B14: =_xlfn.XLOOKUP(A14,SalesData[Customer_ID],SalesData[Customer_Name]) -> Robert Anderson | C14: =SUMIF(SalesData[Customer_ID],A14,SalesData[Sales]) -> 4162.44
A15: CUST014 | B15: =_xlfn.XLOOKUP(A15,SalesData[Customer_ID],SalesData[Customer_Name]) -> Emma Davis | C15: =SUMIF(SalesData[Customer_ID],A15,SalesData[Sales]) -> 6729.89
A16: CUST015 | B16: =_xlfn.XLOOKUP(A16,SalesData[Customer_ID],SalesData[Customer_Name]) -> Linda Taylor | C16: =SUMIF(SalesData[Customer_ID],A16,SalesData[Sales]) -> 11611.06
A17: CUST016 | B17: =_xlfn.XLOOKUP(A17,SalesData[Customer_ID],SalesData[Customer_Name]) -> Emma Wilson | C17: =SUMIF(SalesData[Customer_ID],A17,SalesData[Sales]) -> 3369.17
A18: CUST017 | B18: =_xlfn.XLOOKUP(A18,SalesData[Customer_ID],SalesData[Customer_Name]) -> James Taylor | C18: =SUMIF(SalesData[Customer_ID],A18,SalesData[Sales]) -> 3419.2
A19: CUST018 | B19: =_xlfn.XLOOKUP(A19,SalesData[Customer_ID],SalesData[Customer_Name]) -> Mary Jackson | C19: =SUMIF(SalesData[Customer_ID],A19,SalesData[Sales]) -> 4951.89
A20: CUST019 | B20: =_xlfn.XLOOKUP(A20,SalesData[Customer_ID],SalesData[Customer_Name]) -> James Davis | C20: =SUMIF(SalesData[Customer_ID],A20,SalesData[Sales]) -> 4640.11
A21: CUST020 | B21: =_xlfn.XLOOKUP(A21,SalesData[Customer_ID],SalesData[Customer_Name]) -> David Brown | C21: =SUMIF(SalesData[Customer_ID],A21,SalesData[Sales]) -> 4413.71
A22: CUST021 | B22: =_xlfn.XLOOKUP(A22,SalesData[Customer_ID],SalesData[Customer_Name]) -> Sarah Anderson | C22: =SUMIF(SalesData[Customer_ID],A22,SalesData[Sales]) -> 8740.18
A23: CUST022 | B23: =_xlfn.XLOOKUP(A23,SalesData[Customer_ID],SalesData[Customer_Name]) -> Robert Anderson | C23: =SUMIF(SalesData[Customer_ID],A23,SalesData[Sales]) -> 4418.28
... A31: CUST030 | B31: =_xlfn.XLOOKUP(A31,SalesData[Customer_ID],SalesData[Customer_Name]) -> James Wilson | C31: =SUMIF(SalesData[Customer_ID],A31,SalesData[Sales]) -> 7928.71

Sheet Monthly Analysis
A1: Month | B1: Total Sales | C1: Growth % | D1: Trend
A2: {=_xlfn._xlws.SORT(_xlfn.UNIQUE('Raw Data'!J2:J201))} -> Apr-2024 | B2: =SUMIF('Raw Data'!$J$2:$J$201,A2,'Raw Data'!$E$2:$E$201) -> 19029.96 | C2: =""
A3: Apr-2025 | B3: =SUMIF('Raw Data'!$J$2:$J$201,A3,'Raw Data'!$E$2:$E$201) -> 3212.17 | C3: =IFERROR(B3/B2-1,"") -> -0.83120458 | D3: =IF(C3>0,"↑",IF(C3<0,"↓","→")) -> ↓
A4: Aug-2024 | B4: =SUMIF('Raw Data'!$J$2:$J$201,A4,'Raw Data'!$E$2:$E$201) -> 10091.7 | C4: =IFERROR(B4/B3-1,"") -> 2.1417079 | D4: =IF(C4>0,"↑",IF(C4<0,"↓","→")) -> ↑
A5: Dec-2024 | B5: =SUMIF('Raw Data'!$J$2:$J$201,A5,'Raw Data'!$E$2:$E$201) -> 11120.04 | C5: =IFERROR(B5/B4-1,"") -> 0.10189958 | D5: =IF(C5>0,"↑",IF(C5<0,"↓","→")) -> ↑
A6: Feb-2025 | B6: =SUMIF('Raw Data'!$J$2:$J$201,A6,'Raw Data'!$E$2:$E$201) -> 14006.36 | C6: =IFERROR(B6/B5-1,"") -> 0.25956022 | D6: =IF(C6>0,"↑",IF(C6<0,"↓","→")) -> ↑
A7: Jan-2025 | B7: =SUMIF('Raw Data'!$J$2:$J$201,A7,'Raw Data'!$E$2:$E$201) -> 14914.65 | C7: =IFERROR(B7/B6-1,"") -> 0.064848397 | D7: =IF(C7>0,"↑",IF(C7<0,"↓","→")) -> ↑
A8: Jul-2024 | B8: =SUMIF('Raw Data'!$J$2:$J$201,A8,'Raw Data'!$E$2:$E$201) -> 11609.04 | C8: =IFERROR(B8/B7-1,"") -> -0.2216351 | D8: =IF(C8>0,"↑",IF(C8<0,"↓","→")) -> ↓
A9: Jun-2024 | B9: =SUMIF('Raw Data'!$J$2:$J$201,A9,'Raw Data'!$E$2:$E$201) -> 20187.51 | C9: =IFERROR(B9/B8-1,"") -> 0.73894741 | D9: =IF(C9>0,"↑",IF(C9<0,"↓","→")) -> ↑
A10: Mar-2025 | B10: =SUMIF('Raw Data'!$J$2:$J$201,A10,'Raw Data'!$E$2:$E$201) -> 17655.22 | C10: =IFERROR(B10/B9-1,"") -> -0.12543845 | D10: =IF(C10>0,"↑",IF(C10<0,"↓","→")) -> ↓
A11: May-2024 | B11: =SUMIF('Raw Data'!$J$2:$J$201,A11,'Raw Data'!$E$2:$E$201) -> 18507.34 | C11: =IFERROR(B11/B10-1,"") -> 0.048264479 | D11: =IF(C11>0,"↑",IF(C11<0,"↓","→")) -> ↑
A12: Nov-2024 | B12: =SUMIF('Raw Data'!$J$2:$J$201,A12,'Raw Data'!$E$2:$E$201) -> 20135.03 | C12: =IFERROR(B12/B11-1,"") -> 0.087948349 | D12: =IF(C12>0,"↑",IF(C12<0,"↓","→")) -> ↑
A13: Oct-2024 | B13: =SUMIF('Raw Data'!$J$2:$J$201,A13,'Raw Data'!$E$2:$E$201) -> 14215.24 | C13: =IFERROR(B13/B12-1,"") -> -0.29400453 | D13: =IF(C13>0,"↑",IF(C13<0,"↓","→")) -> ↓
A14: Sep-2024 | B14: =SUMIF('Raw Data'!$J$2:$J$201,A14,'Raw Data'!$E$2:$E$201) -> 20533.5 | C14: =IFERROR(B14/B13-1,"") -> 0.44447086 | D14: =IF(C14>0,"↑",IF(C14<0,"↓","→")) -> ↑

Sheet DESCRIPTIVE STATISTICS
A1: DESCRIPTIVE STATISTICS
A3: Statistic | B3: Sales | C3: Quantity | D3: Discount | E3: Profit
A4: Count | B4: =COUNT('Raw Data'!E2:E201) -> 200 | C4: =COUNT('Raw Data'!F2:F201) -> 200 | D4: =COUNT('Raw Data'!G2:G201) -> 200 | E4: =COUNT('Raw Data'!I2:I201) -> 200
A5: Mean | B5: =AVERAGE('Raw Data'!E2:E201) -> 976.0888 | C5: =AVERAGE('Raw Data'!F2:F201) -> 9.995 | D5: =AVERAGE('Raw Data'!G2:G201) -> 0.09725 | E5: =AVERAGE('Raw Data'!I2:I201) -> 341.43505
A6: Standard Deviation | B6: =_xlfn.STDEV.S('Raw Data'!E2:E201) -> 299.27376 | C6: =_xlfn.STDEV.S('Raw Data'!F2:F201) -> 5.646627 | D6: =_xlfn.STDEV.S('Raw Data'!G2:G201) -> 0.072326295 | E6: =_xlfn.STDEV.S('Raw Data'!I2:I201) -> 135.76619
A7: Minimum | B7: =MIN('Raw Data'!E2:E201) -> 258.51 | C7: =MIN('Raw Data'!F2:F201) -> 1 | D7: =MIN('Raw Data'!G2:G201) -> 0 | E7: =MIN('Raw Data'!I2:I201) -> 64.63
A8: Maximum | B8: =MAX('Raw Data'!E2:E201) -> 1923.66 | C8: =MAX('Raw Data'!F2:F201) -> 19 | D8: =MAX('Raw Data'!G2:G201) -> 0.2 | E8: =MAX('Raw Data'!I2:I201) -> 769.46
A9: Sum | B9: =SUM('Raw Data'!E2:E201) -> 195217.76 | C9: =SUM('Raw Data'!F2:F201) -> 1999 | D9: =SUM('Raw Data'!G2:G201) -> 19.45 | E9: =SUM('Raw Data'!I2:I201) -> 68287.01

Sheet Regression Sheet
A1: REGRESSION ANALYSIS
A3: Variable | B3: Range
A4: X — Discount | B4: Raw Data G2:G201
A5: Y — Profit | B5: Raw Data I2:I201
A7: Correlation (r) | B7: =CORREL('Raw Data'!G2:G201,'Raw Data'!I2:I201) -> -0.16557933
A8: R² | B8: =B7^2 -> 0.027416516
A9: Slope | B9: =SLOPE('Raw Data'!I2:I201,'Raw Data'!G2:G201) -> -310.8147
A10: Intercept | B10: =INTERCEPT('Raw Data'!I2:I201,'Raw Data'!G2:G201) -> 371.66178
A11: Regression Equation | B11: ="Profit = "&TEXT(B10,"0.00")&" + "&TEXT(B9,"0.00")&" × Discount" -> Profit = 371.66 + -310.81 × Discount

Sheet Professional Dashboard
A1: SALES PERFORMANCE DASHBOARD
B3: Total Sales | D3: Total Profit | G3: Total Orders | K3: Avg Discount
B4: =SUM('Raw Data'!E2:E201) -> 195217.76 | D4: =SUM('Raw Data'!I2:I201) -> 68287.01 | G4: =COUNTA('Raw Data'!A2:A201) -> 200 | K4: =AVERAGE('Raw Data'!G2:G201) -> 0.09725
